date,patients_in,bed_occupancy_rate,beds_occupied,icu_beds,ventilators,doctors,nurses,staff
2024-11-10,23,68.65,68,7,4,11,25,37
2024-11-09,26,54.93,54,9,3,15,21,33
2024-11-08,21,77.72,77,6,3,15,39,34
2024-11-07,26,75.09,75,8,4,16,37,26
2024-11-06,25,84.59,84,4,2,13,21,39
2024-11-05,15,86.07,86,9,2,11,27,20
2024-11-04,17,89.81,89,7,4,14,36,28
2024-11-03,22,97.52,97,5,3,11,37,32
2024-11-02,24,77.7,77,6,3,18,34,38
2024-11-01,24,53.8,53,8,4,16,33,35
2024-10-31,23,70.91,70,4,1,10,36,26
2024-10-30,11,71.05,71,9,1,11,23,27
2024-10-29,29,58.28,58,4,3,14,27,39
2024-10-28,26,96.34,96,9,1,11,27,36
2024-10-27,17,65.86,65,6,1,13,30,26
2024-10-26,26,73.96,73,9,2,15,22,28
2024-10-25,13,72.09,72,4,4,17,29,21
2024-10-24,27,94.07,94,3,3,11,39,34
2024-10-23,24,57.81,57,5,3,14,22,31
2024-10-22,25,54.87,54,6,2,15,33,34
2024-10-21,25,80.94,80,6,4,14,26,27
2024-10-20,23,85.93,85,4,2,18,29,32
2024-10-19,10,93.14,93,5,4,14,29,34
2024-10-18,26,88.51,88,5,3,10,26,32
2024-10-17,28,56.16,56,8,2,19,36,27
2024-10-16,12,78.35,78,4,4,19,21,33
2024-10-15,29,93.99,93,8,2,12,22,27
2024-10-14,21,76.73,76,4,4,19,31,33
2024-10-13,19,81.64,81,1,1,13,36,38
2024-10-12,12,59.0,58,6,1,10,25,29
2024-10-11,19,92.98,92,9,1,18,20,29
2024-10-10,22,60.99,60,1,4,19,22,39
2024-10-09,28,88.5,88,5,4,17,32,23
2024-10-08,14,95.08,95,7,2,18,38,35
2024-10-07,25,78.29,78,4,3,19,38,34
2024-10-06,19,99.08,99,5,2,13,34,37
2024-10-05,11,96.84,96,1,3,18,25,24
2024-10-04,21,91.23,91,7,3,19,35,35
2024-10-03,18,88.27,88,8,2,11,24,27
2024-10-02,18,88.86,88,9,3,13,25,27
2024-10-01,20,98.65,98,1,3,10,32,20
2024-09-30,27,73.08,73,2,4,12,28,38
2024-09-29,20,71.42,71,2,2,17,28,25
2024-09-28,29,51.08,51,6,2,16,35,29
2024-09-27,27,91.31,91,7,1,11,38,24
2024-09-26,15,52.04,52,2,1,19,36,32
2024-09-25,25,60.21,60,6,1,10,26,37
2024-09-24,15,76.22,76,1,2,15,27,39
2024-09-23,22,89.04,89,2,4,17,30,25
2024-09-22,29,85.66,85,5,4,19,31,25
2024-09-21,29,50.89,50,4,4,10,29,38
2024-09-20,27,73.18,73,7,4,10,34,30
2024-09-19,11,88.95,88,6,2,18,23,20
2024-09-18,10,54.49,54,9,2,16,30,32
2024-09-17,24,71.23,71,8,1,19,31,34
2024-09-16,21,91.15,91,6,3,14,24,30
2024-09-15,19,79.62,79,6,2,11,26,23
2024-09-14,23,78.46,78,8,3,16,32,36
2024-09-13,14,78.97,78,2,1,17,39,31
2024-09-12,19,61.17,61,5,2,13,23,33
2024-09-11,16,60.75,60,8,3,15,28,20
2024-09-10,21,68.37,68,9,2,12,31,34
2024-09-09,26,79.66,79,9,1,11,35,29
2024-09-08,19,83.88,83,5,2,16,20,37
2024-09-07,14,54.83,54,6,3,11,33,28
2024-09-06,10,59.26,59,2,3,12,27,38
2024-09-05,29,80.01,80,6,3,14,36,39
2024-09-04,25,64.55,64,6,4,18,38,30
2024-09-03,29,92.27,92,3,3,12,34,26
2024-09-02,29,69.04,69,4,2,18,22,28
2024-09-01,20,85.67,85,2,3,16,31,36
2024-08-31,12,77.72,77,6,4,16,29,33
2024-08-30,26,90.45,90,3,4,11,26,38
2024-08-29,28,81.09,81,1,3,19,20,31
2024-08-28,12,61.32,61,3,2,10,39,23
2024-08-27,25,71.45,71,8,3,13,35,32
2024-08-26,25,99.04,99,3,3,12,39,30
2024-08-25,23,96.96,96,5,4,17,22,38
2024-08-24,10,75.56,75,4,2,14,27,34
2024-08-23,25,52.59,52,3,2,15,35,31
2024-08-22,23,76.63,76,4,3,15,38,35
2024-08-21,11,54.68,54,5,4,14,30,23
2024-08-20,24,75.44,75,6,4,18,31,37
2024-08-19,17,53.38,53,2,2,15,37,25
2024-08-18,15,50.72,50,7,3,17,28,27
2024-08-17,14,84.13,84,9,2,11,20,24
2024-08-16,26,85.81,85,5,2,14,21,23
2024-08-15,10,85.43,85,1,1,19,25,23
2024-08-14,18,62.01,62,9,3,16,31,27
2024-08-13,13,60.66,60,3,4,11,26,30
2024-08-12,28,56.86,56,1,1,10,32,38
2024-08-11,21,52.21,52,6,1,16,21,20
2024-08-10,17,72.63,72,1,2,19,26,35
2024-08-09,13,59.2,59,7,2,12,39,23
2024-08-08,26,94.08,94,5,4,17,26,27
2024-08-07,16,96.36,96,1,3,15,35,36
2024-08-06,23,58.19,58,3,3,10,26,39
2024-08-05,14,57.82,57,1,1,18,28,37
2024-08-04,28,70.13,70,8,1,12,33,31
2024-08-03,19,84.13,84,3,3,12,35,31
2024-08-02,25,81.42,81,3,4,12,28,26
2024-08-01,24,55.65,55,1,1,13,37,21
2024-07-31,13,72.4,72,6,3,10,22,26
2024-07-30,12,93.01,93,1,3,10,23,39
2024-07-29,19,54.93,54,6,2,15,24,27
2024-07-28,15,94.99,94,3,2,15,26,38
2024-07-27,24,69.03,69,8,3,10,32,22
2024-07-26,26,55.88,55,9,2,18,20,39
2024-07-25,29,69.84,69,3,4,16,33,25
2024-07-24,23,87.3,87,7,4,18,33,24
2024-07-23,25,97.2,97,7,3,16,26,31
2024-07-22,10,64.75,64,2,1,14,30,23
2024-07-21,12,85.69,85,2,4,19,28,34
2024-07-20,10,53.83,53,4,2,17,35,30
2024-07-19,16,81.29,81,6,4,13,38,35
2024-07-18,14,68.18,68,8,4,19,23,25
2024-07-17,27,55.92,55,8,2,15,23,25
2024-07-16,27,97.71,97,3,3,11,36,31
2024-07-15,25,52.77,52,3,4,14,38,37
2024-07-14,13,62.75,62,7,3,13,29,29
2024-07-13,16,90.36,90,6,1,10,29,36
2024-07-12,13,71.21,71,4,2,17,20,21
2024-07-11,24,66.32,66,7,1,12,22,39
2024-07-10,20,69.7,69,7,2,18,30,39
2024-07-09,27,68.56,68,8,2,10,24,30
2024-07-08,17,65.3,65,8,3,17,24,24
2024-07-07,20,65.05,65,9,2,11,29,34
2024-07-06,10,51.59,51,8,1,16,20,28
2024-07-05,26,92.21,92,4,1,19,25,29
2024-07-04,10,95.55,95,8,2,10,23,22
2024-07-03,16,53.0,53,8,3,14,28,25
2024-07-02,16,87.43,87,3,2,14,21,21
2024-07-01,13,80.9,80,5,3,17,36,24
2024-06-30,19,73.24,73,2,3,12,27,23
2024-06-29,14,98.73,98,2,4,11,36,33
2024-06-28,27,57.04,57,5,4,13,39,39
2024-06-27,11,76.89,76,2,2,12,30,36
2024-06-26,10,65.4,65,9,4,19,35,31
2024-06-25,13,84.46,84,9,4,13,26,30
2024-06-24,13,59.78,59,1,3,14,24,33
2024-06-23,25,68.72,68,3,3,19,30,20
2024-06-22,13,80.71,80,8,4,11,39,35
2024-06-21,23,90.06,90,1,1,17,24,39
2024-06-20,23,74.92,74,7,2,16,26,31
2024-06-19,17,80.07,80,5,4,17,35,38
2024-06-18,13,66.25,66,4,2,11,39,38
2024-06-17,22,82.12,82,8,3,11,35,22
2024-06-16,12,86.35,86,1,1,14,32,35
2024-06-15,24,69.17,69,8,1,11,28,34
2024-06-14,10,98.58,98,7,4,18,35,33
2024-06-13,14,60.46,60,4,3,15,27,35
2024-06-12,25,72.56,72,4,2,10,30,28
2024-06-11,23,73.62,73,6,4,14,33,28
2024-06-10,26,80.95,80,2,3,18,32,31
2024-06-09,18,93.9,93,4,1,12,24,20
2024-06-08,12,97.14,97,2,1,19,23,25
2024-06-07,14,57.26,57,8,4,19,26,24
2024-06-06,21,91.63,91,5,4,10,34,30
2024-06-05,26,62.46,62,5,2,18,36,38
2024-06-04,14,92.19,92,2,1,13,33,34
2024-06-03,18,61.53,61,7,3,19,25,22
2024-06-02,29,90.89,90,7,1,16,33,22
2024-06-01,26,75.13,75,3,4,11,25,29
2024-05-31,25,57.59,57,3,3,10,24,22
2024-05-30,16,88.23,88,5,2,18,21,32
2024-05-29,28,96.54,96,3,4,16,23,38
2024-05-28,12,53.84,53,4,1,13,38,22
2024-05-27,17,62.05,62,5,3,10,30,25
2024-05-26,27,66.01,66,6,1,14,39,22
2024-05-25,14,92.87,92,6,1,15,29,39
2024-05-24,13,54.33,54,1,3,14,26,26
2024-05-23,14,92.77,92,5,3,11,20,33
2024-05-22,12,51.63,51,8,2,15,33,26
2024-05-21,19,72.84,72,8,1,12,36,38
2024-05-20,25,75.87,75,9,4,10,39,27
2024-05-19,29,83.16,83,7,4,12,30,23
2024-05-18,13,53.05,53,8,2,17,31,22
2024-05-17,27,71.09,71,5,4,13,38,29
2024-05-16,29,76.6,76,3,4,13,26,37
2024-05-15,19,66.09,66,3,1,10,32,32
2024-05-14,12,60.23,60,3,4,16,35,32
2024-05-13,21,58.59,58,8,4,19,28,34
2024-05-12,17,92.25,92,4,4,11,32,30
2024-05-11,15,73.06,73,7,3,11,28,24
2024-05-10,22,75.54,75,9,2,19,31,29
2024-05-09,16,59.26,59,5,2,17,25,22
2024-05-08,18,50.39,50,8,3,12,25,39
2024-05-07,19,67.1,67,1,1,18,37,23
2024-05-06,17,92.72,92,8,4,19,23,32
2024-05-05,29,58.9,58,7,3,13,36,28
2024-05-04,11,79.7,79,3,3,11,34,26
2024-05-03,12,76.45,76,1,1,11,21,24
2024-05-02,18,64.26,64,3,3,12,34,37
2024-05-01,21,74.62,74,3,4,12,27,30
2024-04-30,24,96.72,96,8,3,16,21,32
2024-04-29,12,87.71,87,1,4,17,28,22
2024-04-28,24,96.97,96,8,2,14,21,37
2024-04-27,27,88.18,88,3,2,14,38,34
2024-04-26,25,64.6,64,3,1,10,36,24
2024-04-25,26,87.75,87,7,2,17,34,26
2024-04-24,29,69.14,69,8,2,17,31,26
2024-04-23,26,97.6,97,1,3,13,25,33
2024-04-22,22,75.23,75,6,3,17,27,30
2024-04-21,15,89.49,89,6,3,12,36,20
2024-04-20,16,53.31,53,4,2,18,31,24
2024-04-19,14,52.88,52,5,1,12,30,20
2024-04-18,21,83.33,83,8,4,17,25,22
2024-04-17,15,58.19,58,5,2,11,28,34
2024-04-16,26,55.59,55,6,2,14,31,34
2024-04-15,29,59.29,59,2,4,16,33,23
2024-04-14,24,50.78,50,7,2,17,35,35
2024-04-13,23,98.72,98,9,1,13,22,26
2024-04-12,23,81.47,81,1,2,19,26,30
2024-04-11,11,89.06,89,8,4,10,31,22
2024-04-10,10,66.29,66,2,4,16,21,26
2024-04-09,23,81.57,81,7,2,15,30,36
2024-04-08,28,56.07,56,6,3,15,27,25
2024-04-07,21,61.43,61,8,2,15,27,33
2024-04-06,26,82.4,82,6,2,11,21,21
2024-04-05,16,83.75,83,5,4,17,35,36
2024-04-04,11,57.65,57,6,3,14,33,21
2024-04-03,26,58.63,58,1,4,18,25,29
2024-04-02,21,73.66,73,7,2,16,37,36
2024-04-01,22,87.8,87,8,2,18,29,24
2024-03-31,20,84.34,84,8,1,15,38,30
2024-03-30,11,96.53,96,4,4,19,39,30
2024-03-29,17,83.36,83,1,3,19,35,33
2024-03-28,12,77.17,77,3,1,12,23,35
2024-03-27,16,54.75,54,4,1,11,25,35
2024-03-26,29,92.06,92,2,4,10,35,34
2024-03-25,16,97.81,97,4,4,12,21,32
2024-03-24,18,88.42,88,2,2,11,33,27
2024-03-23,21,69.58,69,9,3,18,21,20
2024-03-22,22,94.96,94,4,4,18,24,39
2024-03-21,27,76.72,76,6,2,10,37,29
2024-03-20,29,81.71,81,7,2,11,39,27
2024-03-19,11,52.15,52,3,4,14,33,25
2024-03-18,24,94.87,94,6,2,11,38,32
2024-03-17,16,80.33,80,2,1,11,39,20
2024-03-16,17,64.34,64,7,2,18,23,24
2024-03-15,22,93.57,93,3,1,11,33,30
2024-03-14,23,91.18,91,8,4,15,36,26
2024-03-13,27,63.06,63,9,3,15,28,23
2024-03-12,24,92.99,92,4,2,17,30,25
2024-03-11,24,76.58,76,2,3,10,33,27
2024-03-10,14,74.37,74,1,2,13,24,37
2024-03-09,17,69.43,69,6,2,19,21,27
2024-03-08,13,91.37,91,7,3,16,34,28
2024-03-07,21,67.51,67,8,4,12,26,29
2024-03-06,14,60.19,60,4,1,11,28,29
2024-03-05,23,52.18,52,2,1,17,23,27
2024-03-04,26,79.43,79,9,4,16,37,39
2024-03-03,26,94.73,94,6,1,15,35,31
2024-03-02,16,88.43,88,1,3,15,23,37
2024-03-01,21,64.64,64,8,2,17,36,28
2024-02-29,28,64.56,64,6,4,11,26,26
2024-02-28,21,60.64,60,6,4,16,37,27
2024-02-27,19,65.3,65,3,1,18,23,30
2024-02-26,15,72.0,72,4,4,16,32,38
2024-02-25,20,59.16,59,4,3,19,39,37
2024-02-24,21,79.74,79,7,3,10,30,23
2024-02-23,16,67.75,67,9,1,14,36,37
2024-02-22,23,50.02,50,3,2,15,37,26
2024-02-21,14,99.11,99,5,3,14,30,33
2024-02-20,26,77.28,77,7,3,10,34,36
2024-02-19,21,73.18,73,4,4,12,39,29
2024-02-18,21,92.94,92,1,1,14,30,36
2024-02-17,28,74.91,74,9,2,19,36,20
2024-02-16,24,89.07,89,2,4,15,36,28
2024-02-15,23,80.12,80,6,3,16,26,29
2024-02-14,22,64.22,64,6,1,18,29,31
2024-02-13,23,83.55,83,9,1,10,20,29
2024-02-12,19,96.95,96,1,3,18,21,36
2024-02-11,19,64.91,64,5,3,12,36,38
2024-02-10,12,65.17,65,9,1,10,28,25
2024-02-09,12,53.92,53,3,1,18,30,35
2024-02-08,24,69.21,69,9,4,19,21,35
2024-02-07,20,80.01,80,7,4,14,24,23
2024-02-06,19,67.8,67,5,3,15,38,23
2024-02-05,18,57.2,57,6,3,19,29,36
2024-02-04,22,82.45,82,1,2,14,35,28
2024-02-03,21,85.88,85,2,1,14,25,24
2024-02-02,13,77.7,77,6,2,11,31,35
2024-02-01,25,91.44,91,5,4,15,27,24
2024-01-31,27,67.4,67,1,1,16,29,37
2024-01-30,15,56.56,56,7,3,11,33,25
2024-01-29,21,81.75,81,4,3,14,37,23
2024-01-28,14,62.9,62,6,1,18,28,37
2024-01-27,13,85.78,85,7,1,13,38,32
2024-01-26,15,98.44,98,6,4,14,20,25
2024-01-25,15,88.93,88,3,4,19,30,24
2024-01-24,25,76.41,76,5,4,15,23,35
2024-01-23,26,97.11,97,8,1,16,32,36
2024-01-22,29,73.98,73,4,1,10,21,26
2024-01-21,10,93.07,93,6,2,18,21,30
2024-01-20,20,85.01,85,7,1,17,28,23
2024-01-19,27,62.37,62,5,1,11,26,36
2024-01-18,14,89.14,89,9,2,18,22,29
2024-01-17,25,98.43,98,3,1,12,20,35
2024-01-16,28,90.37,90,2,4,15,25,33
2024-01-15,21,99.81,99,8,3,16,29,32
2024-01-14,22,80.97,80,7,1,17,39,23
2024-01-13,11,63.18,63,8,1,16,36,27
2024-01-12,16,51.29,51,8,4,10,35,29
2024-01-11,25,87.03,87,3,3,10,36,30
2024-01-10,17,50.02,50,2,4,12,35,30
2024-01-09,21,94.84,94,1,1,19,22,33
2024-01-08,27,62.09,62,1,1,10,30,31
2024-01-07,21,96.2,96,6,4,19,22,39
2024-01-06,14,60.66,60,6,2,12,36,32
2024-01-05,15,92.55,92,6,2,14,21,39
2024-01-04,13,62.5,62,4,3,13,27,20
2024-01-03,28,70.09,70,1,3,13,28,28
2024-01-02,21,82.24,82,2,1,14,32,26
2024-01-01,10,74.09,74,3,2,15,37,35
2023-12-31,26,99.27,99,5,2,11,36,33
2023-12-30,19,66.84,66,9,1,16,29,33
2023-12-29,24,78.35,78,1,2,14,39,36
2023-12-28,18,92.66,92,6,2,11,21,31
2023-12-27,10,56.98,56,7,1,14,35,20
2023-12-26,19,91.25,91,1,4,10,32,20
2023-12-25,26,51.23,51,9,1,13,25,35
2023-12-24,26,94.9,94,8,3,14,21,32
2023-12-23,12,91.65,91,7,1,14,28,29
2023-12-22,21,96.35,96,9,1,10,36,31
2023-12-21,20,55.6,55,8,4,16,30,38
2023-12-20,26,65.21,65,7,4,13,38,20
2023-12-19,16,81.01,81,5,1,19,21,25
2023-12-18,20,99.18,99,2,1,17,35,36
2023-12-17,10,92.29,92,1,4,16,24,27
2023-12-16,23,88.26,88,5,2,15,21,32
2023-12-15,17,55.19,55,8,1,19,37,39
2023-12-14,14,80.74,80,3,1,17,26,30
2023-12-13,26,61.31,61,9,1,19,22,33
2023-12-12,18,95.79,95,4,2,17,35,34
2023-12-11,16,57.0,57,8,2,18,25,20
2023-12-10,17,52.62,52,5,2,17,34,25
2023-12-09,26,92.98,92,2,1,17,20,30
2023-12-08,26,85.29,85,7,4,10,20,28
2023-12-07,17,93.81,93,2,1,11,22,39
2023-12-06,22,93.79,93,8,1,16,34,20
2023-12-05,20,56.1,56,4,4,15,39,31
2023-12-04,15,50.16,50,2,2,11,28,23
2023-12-03,10,67.1,67,7,2,17,38,31
2023-12-02,24,50.49,50,1,4,15,28,35
2023-12-01,10,93.29,93,1,4,16,35,22
2023-11-30,29,78.36,78,7,4,13,26,22
2023-11-29,28,69.19,69,4,2,13,39,32
2023-11-28,29,62.42,62,3,4,13,25,22
2023-11-27,23,65.08,65,2,4,15,21,29
2023-11-26,29,66.98,66,4,4,17,24,20
2023-11-25,10,71.21,71,5,1,13,31,36
2023-11-24,29,90.24,90,1,1,11,39,35
2023-11-23,14,80.78,80,6,1,17,39,20
2023-11-22,26,71.98,71,3,1,13,31,33
2023-11-21,18,69.6,69,2,1,18,27,27
2023-11-20,19,66.06,66,9,3,18,27,28
2023-11-19,16,74.93,74,3,4,16,20,20
2023-11-18,15,75.47,75,9,3,10,20,35
2023-11-17,13,85.93,85,8,3,19,39,34
2023-11-16,29,54.21,54,4,3,17,27,33
2023-11-15,15,99.44,99,4,1,17,37,29
2023-11-14,13,54.6,54,4,3,13,24,20
2023-11-13,29,97.92,97,8,3,17,37,32
2023-11-12,16,51.33,51,4,2,10,22,28
2023-11-11,17,65.63,65,9,3,19,36,22
2023-11-10,27,66.52,66,2,3,17,36,31
2023-11-09,12,96.5,96,3,1,14,26,27
2023-11-08,13,93.59,93,1,1,18,20,31
2023-11-07,14,73.6,73,2,2,13,32,34
2023-11-06,21,77.74,77,2,2,14,30,31
2023-11-05,29,78.14,78,7,1,10,21,29
2023-11-04,25,90.19,90,2,3,12,34,34
2023-11-03,28,73.53,73,5,1,10,25,32
2023-11-02,20,66.26,66,2,3,12,34,33
2023-11-01,10,52.46,52,4,1,18,23,33
2023-10-31,25,85.37,85,3,2,14,37,23
2023-10-30,28,68.52,68,8,2,19,21,21
2023-10-29,21,68.18,68,8,3,15,26,21
2023-10-28,21,66.78,66,5,1,11,39,37
2023-10-27,24,92.66,92,6,2,13,27,37
2023-10-26,28,71.75,71,3,3,16,31,23
2023-10-25,23,59.01,59,7,2,14,22,31
2023-10-24,14,95.59,95,1,3,18,39,32
2023-10-23,19,91.78,91,6,4,14,21,24
2023-10-22,22,83.05,83,4,2,14,33,22
2023-10-21,29,80.99,80,6,2,12,30,38
2023-10-20,25,52.36,52,5,1,17,39,28
2023-10-19,14,63.05,63,3,4,19,25,22
2023-10-18,19,76.9,76,4,2,13,38,35
2023-10-17,27,58.76,58,3,1,12,39,23
2023-10-16,22,96.46,96,1,4,15,36,28
2023-10-15,29,78.38,78,7,2,10,32,37
2023-10-14,16,99.78,99,9,3,17,36,38
2023-10-13,10,89.78,89,2,3,13,37,24
2023-10-12,12,99.79,99,9,3,15,23,27
2023-10-11,10,63.81,63,2,3,13,32,35
2023-10-10,17,54.09,54,9,3,18,30,28
2023-10-09,26,90.0,89,7,3,10,26,34
2023-10-08,23,72.52,72,9,4,19,32,28
2023-10-07,12,85.44,85,7,1,15,37,32
2023-10-06,21,64.61,64,4,3,15,25,30
2023-10-05,12,94.82,94,2,2,14,22,20
2023-10-04,14,99.1,99,1,1,15,33,35
2023-10-03,23,61.18,61,1,2,10,31,36
2023-10-02,21,81.72,81,7,4,19,34,36
2023-10-01,25,61.63,61,9,1,10,28,32
2023-09-30,22,52.62,52,9,4,12,23,37
2023-09-29,16,91.22,91,4,4,19,32,32
2023-09-28,26,58.28,58,7,2,12,37,21
2023-09-27,14,62.19,62,2,1,12,31,37
2023-09-26,28,88.17,88,3,4,18,22,36
2023-09-25,23,93.29,93,9,1,18,20,30
2023-09-24,26,97.21,97,7,4,19,36,30
2023-09-23,26,52.5,52,8,1,14,31,23
2023-09-22,27,92.8,92,3,2,17,38,35
2023-09-21,13,95.3,95,9,1,19,25,36
2023-09-20,25,53.09,53,3,1,18,28,22
2023-09-19,14,81.85,81,3,1,11,24,31
2023-09-18,13,81.92,81,8,3,16,35,32
2023-09-17,24,99.6,99,5,4,19,30,23
2023-09-16,23,51.9,51,6,2,18,26,33
2023-09-15,18,59.12,59,4,2,14,39,20
2023-09-14,14,64.68,64,3,2,13,30,26
2023-09-13,14,86.55,86,6,4,19,25,28
2023-09-12,24,58.54,58,6,2,12,21,29
2023-09-11,17,75.01,75,5,4,11,23,33
2023-09-10,11,98.72,98,3,1,13,38,32
2023-09-09,27,84.92,84,8,3,14,31,31
2023-09-08,28,85.39,85,2,3,19,29,32
2023-09-07,18,79.13,79,3,1,10,26,39
2023-09-06,14,98.81,98,4,1,10,27,28
2023-09-05,11,93.37,93,1,1,19,35,33
2023-09-04,16,72.94,72,4,3,11,39,30
2023-09-03,10,74.45,74,1,1,14,37,26
2023-09-02,20,82.68,82,4,4,10,39,39
2023-09-01,26,81.29,81,2,2,11,21,24
2023-08-31,25,72.18,72,2,3,12,27,36
2023-08-30,15,66.22,66,4,2,19,26,22
2023-08-29,23,89.28,89,1,1,18,20,33
2023-08-28,28,85.6,85,9,2,15,32,28
2023-08-27,11,59.66,59,3,1,14,30,21
2023-08-26,17,76.8,76,1,3,11,39,35
2023-08-25,26,89.54,89,3,2,13,33,30
2023-08-24,26,90.56,90,9,1,14,21,32
2023-08-23,23,87.05,87,5,3,10,31,21
2023-08-22,15,98.99,98,7,1,18,36,35
2023-08-21,25,54.99,54,6,2,16,38,26
2023-08-20,10,54.62,54,1,1,18,22,20
2023-08-19,27,74.43,74,9,1,19,32,21
2023-08-18,27,57.93,57,5,2,16,23,30
2023-08-17,23,54.4,54,1,1,15,26,23
2023-08-16,25,82.89,82,1,1,16,25,30
2023-08-15,29,53.77,53,7,2,12,36,21
2023-08-14,24,98.85,98,9,2,14,22,33
2023-08-13,27,98.6,98,7,3,17,27,30
2023-08-12,16,53.52,53,4,2,19,36,35
2023-08-11,11,50.94,50,6,1,11,36,28
2023-08-10,14,86.16,86,8,1,11,35,33
2023-08-09,12,83.63,83,8,4,13,25,25
2023-08-08,23,61.78,61,8,2,19,32,27
2023-08-07,13,71.73,71,1,2,17,23,38
2023-08-06,20,54.83,54,7,1,14,35,33
2023-08-05,13,58.68,58,7,2,15,35,27
2023-08-04,10,60.96,60,8,2,17,20,29
2023-08-03,15,75.36,75,6,3,17,24,22
2023-08-02,18,63.26,63,5,1,18,31,26
2023-08-01,19,77.09,77,5,1,14,23,31
2023-07-31,12,60.53,60,8,3,16,22,28
2023-07-30,24,57.67,57,3,3,19,35,30
2023-07-29,11,95.33,95,3,1,18,21,28
2023-07-28,14,77.57,77,9,2,16,37,29
2023-07-27,25,87.84,87,6,2,15,37,22
2023-07-26,23,79.81,79,1,2,17,25,32
2023-07-25,20,92.51,92,3,3,10,31,36
2023-07-24,24,68.45,68,8,3,10,35,30
2023-07-23,28,51.76,51,2,3,12,39,24
2023-07-22,13,52.63,52,1,3,14,38,37
2023-07-21,14,87.34,87,4,1,18,36,26
2023-07-20,19,84.37,84,9,4,19,22,29
2023-07-19,29,96.19,96,9,2,13,30,36
2023-07-18,21,88.86,88,4,1,14,31,26
2023-07-17,16,64.66,64,6,3,19,39,27
2023-07-16,11,93.01,93,8,4,11,38,33
2023-07-15,18,98.82,98,5,4,15,32,24
2023-07-14,17,68.6,68,2,4,18,37,32
2023-07-13,13,62.93,62,2,1,13,38,25
2023-07-12,13,87.21,87,3,2,12,25,23
2023-07-11,22,99.01,99,4,3,17,38,26
2023-07-10,14,63.67,63,3,1,11,23,24
2023-07-09,13,58.01,58,4,4,16,27,25
2023-07-08,24,57.45,57,2,3,11,21,33
2023-07-07,14,51.99,51,4,3,18,26,31
2023-07-06,12,69.34,69,8,1,19,28,26
2023-07-05,26,95.15,95,4,4,11,21,23
2023-07-04,18,81.2,81,9,4,10,37,21
2023-07-03,22,83.02,83,6,4,16,23,20
2023-07-02,19,83.65,83,9,3,16,31,30
2023-07-01,21,55.67,55,3,2,17,31,25
2023-06-30,12,95.4,95,1,1,13,24,27
2023-06-29,26,98.78,98,2,3,10,35,28
2023-06-28,25,82.59,82,6,1,18,27,26
2023-06-27,22,50.15,50,3,1,19,36,30
2023-06-26,24,91.05,91,2,4,19,34,22
2023-06-25,10,66.73,66,3,2,18,38,36
2023-06-24,11,62.25,62,1,2,11,32,27
2023-06-23,26,71.05,71,4,4,16,28,23
2023-06-22,12,53.71,53,7,4,12,20,24
2023-06-21,13,86.56,86,3,4,18,38,27
2023-06-20,22,92.78,92,3,1,12,32,24
2023-06-19,14,75.63,75,9,3,14,36,38
2023-06-18,19,98.9,98,4,4,17,33,30
2023-06-17,17,58.04,58,3,1,10,39,33
2023-06-16,26,72.62,72,7,1,18,35,37
2023-06-15,16,60.8,60,9,1,13,23,33
2023-06-14,26,96.12,96,9,2,12,36,34
2023-06-13,19,58.05,58,3,3,12,30,23
2023-06-12,28,94.7,94,2,3,13,36,34
2023-06-11,25,76.57,76,8,1,18,23,34
2023-06-10,19,95.47,95,5,4,18,25,23
2023-06-09,11,59.93,59,1,2,12,22,29
2023-06-08,24,71.27,71,7,4,15,29,24
2023-06-07,21,85.72,85,3,2,12,23,33
2023-06-06,23,78.98,78,7,3,15,29,38
2023-06-05,22,80.32,80,1,1,11,32,32
2023-06-04,24,91.73,91,3,4,11,22,22
2023-06-03,10,81.52,81,7,3,15,39,22
2023-06-02,28,83.96,83,1,1,16,31,30
2023-06-01,26,72.89,72,4,4,18,33,32
2023-05-31,25,76.1,76,3,1,15,24,29
2023-05-30,16,64.36,64,5,4,13,33,20
2023-05-29,28,61.6,61,3,1,11,39,24
2023-05-28,19,78.12,78,8,2,13,21,35
2023-05-27,15,88.28,88,5,4,16,28,21
2023-05-26,27,55.18,55,6,2,14,21,37
2023-05-25,23,53.64,53,1,3,17,31,39
2023-05-24,13,50.9,50,5,4,12,34,37
2023-05-23,11,96.24,96,2,4,19,24,30
2023-05-22,22,58.06,58,9,1,15,29,38
2023-05-21,19,58.51,58,7,2,17,33,35
2023-05-20,20,92.93,92,7,1,11,35,21
2023-05-19,24,82.49,82,6,3,13,30,31
2023-05-18,15,61.31,61,6,2,14,32,32
2023-05-17,26,91.46,91,7,2,15,21,30
2023-05-16,20,95.09,95,6,4,17,27,34
2023-05-15,17,78.32,78,6,3,10,22,30
2023-05-14,20,61.18,61,9,2,18,23,29
2023-05-13,22,88.97,88,4,2,17,33,39
2023-05-12,13,56.37,56,1,3,10,31,36
2023-05-11,26,98.08,98,9,3,15,34,27
2023-05-10,21,54.68,54,2,3,16,39,21
2023-05-09,17,78.58,78,8,1,10,32,20
2023-05-08,14,80.8,80,8,3,11,36,34
2023-05-07,23,75.6,75,3,4,12,24,23
2023-05-06,23,78.91,78,3,4,11,27,27
2023-05-05,18,64.7,64,9,4,16,25,33
2023-05-04,13,87.12,87,2,4,12,20,30
2023-05-03,26,84.76,84,3,2,10,37,29
2023-05-02,29,92.28,92,8,2,15,28,24
2023-05-01,14,87.26,87,8,4,16,21,22
2023-04-30,22,56.95,56,7,1,12,27,23
2023-04-29,29,63.05,63,2,2,11,39,38
2023-04-28,21,81.58,81,4,1,12,38,25
2023-04-27,19,71.09,71,1,4,17,27,36
2023-04-26,23,54.53,54,8,4,11,21,37
2023-04-25,21,85.73,85,7,3,12,38,33
2023-04-24,25,57.46,57,4,1,16,39,31
2023-04-23,14,74.22,74,9,2,17,37,31
2023-04-22,11,68.49,68,6,2,17,27,28
2023-04-21,27,51.15,51,5,4,10,35,35
2023-04-20,29,72.09,72,2,4,18,39,39
2023-04-19,18,52.87,52,3,2,12,25,28
2023-04-18,20,85.39,85,9,4,12,29,38
2023-04-17,29,74.94,74,4,4,18,31,22
2023-04-16,14,64.82,64,2,2,18,20,33
2023-04-15,23,62.88,62,7,1,19,32,32
2023-04-14,22,75.55,75,4,2,16,27,34
2023-04-13,12,61.88,61,1,3,19,25,23
2023-04-12,20,56.58,56,9,1,18,34,20
2023-04-11,10,70.43,70,6,1,14,37,21
2023-04-10,17,74.8,74,1,1,18,21,35
2023-04-09,16,52.58,52,8,4,14,33,20
2023-04-08,13,98.44,98,5,1,15,21,39
2023-04-07,23,61.26,61,4,2,11,31,37
2023-04-06,24,73.54,73,8,3,17,26,26
2023-04-05,18,95.77,95,3,3,19,28,26
2023-04-04,21,83.79,83,8,2,13,20,38
2023-04-03,12,83.76,83,1,2,12,35,34
2023-04-02,17,70.92,70,9,2,12,30,20
2023-04-01,16,59.83,59,9,1,10,26,35
2023-03-31,17,52.82,52,6,1,15,27,37
2023-03-30,17,90.98,90,2,4,17,32,27
2023-03-29,10,92.35,92,9,1,13,31,35
2023-03-28,12,91.46,91,3,1,10,23,23
2023-03-27,24,97.5,97,4,4,11,39,24
2023-03-26,23,65.81,65,3,1,14,24,29
2023-03-25,16,56.82,56,3,4,12,22,37
2023-03-24,28,53.79,53,8,3,16,21,36
2023-03-23,11,84.57,84,5,1,16,34,28
2023-03-22,19,78.52,78,5,1,12,31,34
2023-03-21,22,90.24,90,1,2,19,20,37
2023-03-20,10,51.8,51,1,1,16,30,39
2023-03-19,21,71.69,71,4,4,19,25,35
2023-03-18,10,61.78,61,3,1,19,25,30
2023-03-17,24,92.86,92,8,4,17,20,33
2023-03-16,16,70.78,70,6,2,10,24,29
2023-03-15,24,76.38,76,3,3,17,28,32
2023-03-14,12,76.6,76,5,4,13,32,27
2023-03-13,10,56.07,56,6,4,12,26,32
2023-03-12,24,61.4,61,1,1,14,20,32
2023-03-11,21,53.46,53,8,2,12,27,26
2023-03-10,23,74.47,74,3,4,11,24,36
2023-03-09,24,81.8,81,6,2,13,24,21
2023-03-08,26,77.77,77,3,2,13,35,35
2023-03-07,16,60.26,60,6,3,11,27,35
2023-03-06,13,79.45,79,6,2,13,35,36
2023-03-05,24,88.99,88,1,1,19,22,34
2023-03-04,24,88.04,88,5,3,14,24,34
2023-03-03,27,66.37,66,4,2,16,20,28
2023-03-02,15,96.58,96,6,3,12,24,34
2023-03-01,24,52.84,52,3,4,14,39,24
2023-02-28,28,92.34,92,8,1,14,29,32
2023-02-27,13,87.12,87,8,2,10,32,33
2023-02-26,21,59.93,59,5,2,18,33,28
2023-02-25,19,74.05,74,6,1,11,25,37
2023-02-24,18,73.09,73,1,4,19,39,25
2023-02-23,16,71.94,71,7,3,10,32,24
2023-02-22,23,65.61,65,4,3,11,29,39
2023-02-21,19,99.07,99,3,4,19,29,29
2023-02-20,14,96.7,96,1,1,17,25,39
2023-02-19,19,86.62,86,7,3,19,37,31
2023-02-18,28,95.09,95,1,2,18,30,28
2023-02-17,25,71.05,71,4,2,12,21,24
2023-02-16,27,75.07,75,3,3,15,31,21
2023-02-15,13,50.85,50,7,2,17,30,36
2023-02-14,23,71.19,71,4,4,15,22,21
2023-02-13,21,52.91,52,9,4,17,38,27
2023-02-12,24,51.67,51,2,1,13,21,26
2023-02-11,29,77.33,77,2,2,15,34,22
2023-02-10,27,98.13,98,6,2,19,28,31
2023-02-09,18,90.17,90,3,1,12,36,37
2023-02-08,16,54.33,54,3,2,18,34,38
2023-02-07,27,95.41,95,7,3,15,33,39
2023-02-06,17,99.75,99,4,4,13,36,36
2023-02-05,10,90.91,90,5,3,15,29,36
2023-02-04,21,99.59,99,8,4,11,21,30
2023-02-03,25,82.86,82,6,3,10,34,38
2023-02-02,22,87.53,87,8,1,17,34,26
2023-02-01,25,78.16,78,4,3,12,21,23
2023-01-31,11,56.84,56,2,2,16,23,39
2023-01-30,18,74.08,74,2,2,11,37,20
2023-01-29,20,63.45,63,3,2,12,34,25
2023-01-28,21,64.54,64,1,3,13,35,21
2023-01-27,20,99.53,99,6,3,15,28,39
2023-01-26,11,62.44,62,9,4,10,23,29
2023-01-25,12,51.68,51,7,3,10,35,27
2023-01-24,21,86.31,86,3,1,17,32,36
2023-01-23,20,67.13,67,3,4,14,39,39
2023-01-22,13,90.69,90,2,3,16,35,39
2023-01-21,24,64.44,64,2,2,16,33,22
2023-01-20,29,88.65,88,5,2,16,39,30
2023-01-19,21,61.14,61,3,1,19,28,29
2023-01-18,20,60.11,60,7,2,13,33,34
2023-01-17,21,81.55,81,6,1,10,37,37
2023-01-16,27,52.4,52,3,1,14,30,34
2023-01-15,15,94.16,94,4,3,15,22,24
2023-01-14,23,90.3,90,9,1,14,23,37
2023-01-13,21,90.83,90,1,4,12,20,36
2023-01-12,11,96.4,96,2,4,14,38,33
2023-01-11,24,87.41,87,6,1,16,38,23
2023-01-10,24,55.7,55,1,2,14,26,24
2023-01-09,19,65.44,65,7,2,12,29,36
2023-01-08,29,77.34,77,2,1,13,34,30
2023-01-07,12,53.69,53,8,4,15,35,33
2023-01-06,12,69.16,69,2,1,15,38,30
2023-01-05,16,54.55,54,8,2,12,25,35
2023-01-04,19,98.14,98,9,3,18,24,36
2023-01-03,26,97.98,97,6,4,12,31,20
2023-01-02,12,73.71,73,5,1,15,38,34
2023-01-01,26,80.11,80,9,4,18,39,31
2022-12-31,17,93.92,93,3,4,14,38,21
2022-12-30,22,70.79,70,7,1,16,23,25
2022-12-29,10,79.87,79,6,2,19,31,38
2022-12-28,19,92.9,92,2,2,15,39,26
2022-12-27,21,92.82,92,8,4,16,29,31
2022-12-26,19,70.77,70,4,2,15,39,27
2022-12-25,24,68.84,68,3,3,14,29,38
2022-12-24,17,82.07,82,4,2,11,20,39
2022-12-23,22,63.02,63,3,4,17,25,30
2022-12-22,17,90.64,90,9,1,17,37,29
2022-12-21,27,63.75,63,7,1,19,23,29
2022-12-20,13,70.63,70,8,3,14,39,30
2022-12-19,15,93.77,93,4,2,18,34,29
2022-12-18,12,89.13,89,6,4,19,32,28
2022-12-17,17,89.51,89,6,4,11,21,31
2022-12-16,10,75.39,75,8,4,10,32,26
2022-12-15,17,63.13,63,7,2,14,37,26
2022-12-14,12,52.3,52,1,1,12,36,31
2022-12-13,20,69.89,69,4,4,11,33,30
2022-12-12,29,98.24,98,2,3,19,26,23
2022-12-11,10,71.98,71,4,1,15,21,27
2022-12-10,14,67.58,67,7,1,17,30,30
2022-12-09,29,68.54,68,2,3,15,21,33
2022-12-08,21,58.66,58,9,4,19,21,36
2022-12-07,17,53.37,53,8,4,17,29,30
2022-12-06,23,66.97,66,5,4,12,24,20
2022-12-05,13,54.38,54,1,2,14,35,33
2022-12-04,12,90.59,90,3,2,18,28,36
2022-12-03,29,50.88,50,5,1,10,23,34
2022-12-02,28,86.91,86,3,2,19,35,26
2022-12-01,26,80.06,80,4,4,16,22,31
2022-11-30,16,99.99,99,8,3,10,22,36
2022-11-29,10,56.08,56,5,3,10,39,32
2022-11-28,23,55.68,55,1,4,19,25,38
2022-11-27,29,98.53,98,7,4,15,28,33
2022-11-26,11,63.52,63,3,2,15,22,39
2022-11-25,11,61.42,61,7,3,17,32,23
2022-11-24,13,59.22,59,1,1,16,38,31
2022-11-23,12,89.54,89,6,1,14,35,22
2022-11-22,27,98.32,98,9,4,16,35,32
2022-11-21,16,95.98,95,2,2,14,38,26
2022-11-20,18,68.27,68,6,4,19,32,28
2022-11-19,27,84.99,84,6,2,10,37,31
2022-11-18,10,76.42,76,3,2,13,21,28
2022-11-17,15,97.43,97,3,4,12,39,37
2022-11-16,23,75.1,75,1,4,11,33,37
2022-11-15,16,96.65,96,4,2,17,27,25
2022-11-14,14,79.83,79,9,4,15,39,28
2022-11-13,17,79.36,79,4,1,17,31,38
2022-11-12,28,96.38,96,4,2,16,34,21
2022-11-11,28,61.23,61,1,1,15,38,32
2022-11-10,22,92.36,92,9,1,13,31,34
2022-11-09,10,87.31,87,3,1,15,33,20
2022-11-08,21,96.39,96,6,2,19,22,39
2022-11-07,20,98.49,98,5,1,19,27,20
2022-11-06,27,58.0,57,3,3,14,26,33
2022-11-05,20,98.33,98,9,4,11,27,29
2022-11-04,16,52.22,52,3,3,14,30,21
2022-11-03,12,72.04,72,4,3,10,32,38
2022-11-02,28,61.28,61,8,1,15,26,36
2022-11-01,26,51.72,51,9,1,15,27,24
2022-10-31,20,78.28,78,8,1,11,30,36
2022-10-30,17,95.95,95,5,2,12,20,21
2022-10-29,14,64.23,64,4,3,13,31,33
2022-10-28,13,54.66,54,4,4,14,39,33
2022-10-27,26,65.1,65,9,3,18,27,37
2022-10-26,27,66.56,66,4,4,10,31,38
2022-10-25,24,94.37,94,9,4,16,39,20
2022-10-24,11,74.35,74,8,3,11,35,36
2022-10-23,11,97.64,97,3,1,12,33,35
2022-10-22,15,65.59,65,7,4,14,38,36
2022-10-21,11,86.25,86,6,3,11,26,38
2022-10-20,21,82.14,82,7,1,15,24,20
2022-10-19,22,99.96,99,2,4,15,26,34
2022-10-18,12,70.33,70,3,1,15,24,39
2022-10-17,19,69.9,69,8,2,12,29,32
2022-10-16,23,61.75,61,5,3,12,29,39
2022-10-15,28,91.69,91,7,2,18,23,30
2022-10-14,29,71.69,71,4,4,16,32,32
2022-10-13,14,59.19,59,1,2,12,38,31
2022-10-12,25,89.88,89,7,1,13,37,20
2022-10-11,19,65.62,65,9,4,11,22,25
2022-10-10,20,63.62,63,7,4,10,29,28
2022-10-09,13,53.18,53,6,3,10,21,21
2022-10-08,12,56.86,56,9,1,15,32,26
2022-10-07,11,61.47,61,1,4,12,27,21
2022-10-06,22,95.21,95,6,1,12,27,20
2022-10-05,11,94.92,94,4,1,13,31,28
2022-10-04,23,76.4,76,7,2,12,32,24
2022-10-03,23,59.9,59,2,1,12,32,27
2022-10-02,15,51.57,51,3,3,17,24,32
2022-10-01,19,66.21,66,7,2,11,27,34
2022-09-30,15,61.24,61,2,1,18,38,29
2022-09-29,14,62.66,62,1,4,19,33,22
2022-09-28,24,88.03,88,9,4,16,34,35
2022-09-27,16,63.69,63,8,2,11,22,25
2022-09-26,21,56.6,56,2,3,13,35,35
2022-09-25,28,97.94,97,4,4,16,23,28
2022-09-24,17,77.34,77,5,1,15,39,21
2022-09-23,26,96.0,96,7,3,13,27,35
2022-09-22,14,64.6,64,9,2,15,27,35
2022-09-21,12,84.87,84,5,1,13,20,26
2022-09-20,14,62.33,62,9,3,13,29,23
2022-09-19,19,84.79,84,9,3,10,34,20
2022-09-18,20,56.61,56,5,3,14,38,21
2022-09-17,24,53.41,53,2,1,18,32,24
2022-09-16,15,82.55,82,5,2,19,32,30
2022-09-15,11,57.0,56,6,3,10,37,26
2022-09-14,25,60.95,60,9,3,14,35,33
2022-09-13,22,77.32,77,2,1,12,36,33
2022-09-12,15,90.52,90,5,1,19,37,28
2022-09-11,16,93.19,93,4,4,13,38,21
2022-09-10,23,90.94,90,7,1,11,27,23
2022-09-09,27,94.04,94,5,2,10,37,37
2022-09-08,20,59.98,59,9,3,10,30,33
2022-09-07,14,91.56,91,4,4,13,39,36
2022-09-06,17,84.47,84,3,1,17,33,35
2022-09-05,13,53.89,53,8,4,18,22,38
2022-09-04,11,89.56,89,8,3,16,32,30
2022-09-03,10,67.78,67,4,1,15,33,38
2022-09-02,11,55.78,55,1,2,17,34,20
2022-09-01,23,60.01,60,7,1,15,25,21
2022-08-31,20,99.5,99,7,4,17,22,32
2022-08-30,14,60.51,60,3,1,18,38,35
2022-08-29,19,98.81,98,4,3,15,31,25
2022-08-28,21,56.14,56,4,3,15,23,28
2022-08-27,15,57.02,57,8,4,13,36,31
2022-08-26,11,64.46,64,1,4,16,20,23
2022-08-25,21,77.82,77,1,2,15,39,33
2022-08-24,12,97.49,97,3,2,13,25,32
2022-08-23,23,66.8,66,8,2,13,25,23
2022-08-22,21,84.53,84,8,2,13,27,20
2022-08-21,28,53.32,53,4,2,13,28,20
2022-08-20,19,67.22,67,7,3,19,37,28
2022-08-19,24,52.66,52,7,1,12,31,28
2022-08-18,15,70.06,70,2,1,19,32,27
2022-08-17,27,74.43,74,6,4,16,33,22
2022-08-16,18,79.3,79,1,3,10,39,30
2022-08-15,14,96.09,96,1,2,16,32,28
2022-08-14,21,62.65,62,8,1,15,28,33
2022-08-13,26,97.74,97,8,1,13,21,36
2022-08-12,23,80.15,80,1,4,17,37,26
2022-08-11,15,89.51,89,4,1,10,29,37
2022-08-10,18,58.21,58,6,4,17,21,25
2022-08-09,20,98.88,98,6,4,11,31,33
2022-08-08,21,76.04,76,9,4,16,22,21
2022-08-07,12,76.5,76,2,1,19,25,27
2022-08-06,21,74.58,74,4,4,13,25,21
2022-08-05,27,98.63,98,3,4,13,29,28
2022-08-04,27,51.69,51,2,2,13,39,28
2022-08-03,28,71.69,71,3,4,14,24,21
2022-08-02,20,60.55,60,7,4,11,34,37
2022-08-01,27,93.4,93,1,3,15,21,39
2022-07-31,11,64.24,64,5,1,10,21,21
2022-07-30,28,93.46,93,8,3,19,28,30
2022-07-29,17,86.98,86,3,1,17,35,26
2022-07-28,20,60.76,60,4,2,19,32,35
2022-07-27,24,77.11,77,9,4,18,20,36
2022-07-26,18,50.19,50,3,4,11,36,26
2022-07-25,13,63.68,63,6,2,13,35,32
2022-07-24,14,89.74,89,1,3,11,20,24
2022-07-23,15,66.47,66,4,1,16,23,37
2022-07-22,13,88.92,88,8,2,18,35,32
2022-07-21,17,77.06,77,4,3,11,23,39
2022-07-20,12,66.66,66,2,4,16,26,31
2022-07-19,18,73.81,73,7,1,14,31,36
2022-07-18,28,50.65,50,3,1,14,20,37
2022-07-17,20,94.36,94,1,3,16,20,29
2022-07-16,27,81.77,81,5,2,11,30,24
2022-07-15,17,92.77,92,2,2,16,29,33
2022-07-14,18,88.37,88,4,2,16,22,27
2022-07-13,18,94.91,94,1,1,15,30,26
2022-07-12,18,60.81,60,3,4,12,30,33
2022-07-11,10,99.94,99,3,4,17,28,37
2022-07-10,17,79.8,79,9,2,17,30,25
2022-07-09,18,73.64,73,5,3,15,24,21
2022-07-08,24,93.4,93,1,1,10,27,34
2022-07-07,13,91.5,91,2,2,19,26,22
2022-07-06,19,58.36,58,1,4,14,28,38
2022-07-05,22,96.89,96,9,2,16,34,37
2022-07-04,18,75.32,75,2,1,15,26,31
2022-07-03,29,89.8,89,5,1,19,23,34
2022-07-02,14,81.14,81,5,4,11,35,23
2022-07-01,24,77.9,77,3,3,14,25,28
2022-06-30,13,85.75,85,9,2,10,23,29
2022-06-29,24,69.4,69,5,3,16,23,30
2022-06-28,16,76.2,76,6,1,11,26,30
2022-06-27,28,83.85,83,3,3,13,28,21
2022-06-26,11,78.33,78,6,4,14,28,31
2022-06-25,25,84.34,84,7,4,16,36,21
2022-06-24,15,73.83,73,1,3,10,27,25
2022-06-23,24,82.37,82,4,1,15,24,25
2022-06-22,13,53.26,53,5,4,18,34,25
2022-06-21,13,99.79,99,7,1,19,24,35
2022-06-20,12,75.3,75,7,2,15,24,39
2022-06-19,16,87.74,87,1,2,13,25,24
2022-06-18,22,94.52,94,4,2,13,39,26
2022-06-17,17,89.74,89,8,3,14,37,39
2022-06-16,12,61.83,61,3,2,15,25,36
2022-06-15,29,94.9,94,6,2,18,36,23
2022-06-14,22,89.85,89,1,1,10,38,34
2022-06-13,14,62.51,62,2,3,15,28,32
2022-06-12,12,56.33,56,9,1,10,29,39
2022-06-11,27,67.6,67,9,3,15,29,24
2022-06-10,20,51.56,51,6,2,10,27,26
2022-06-09,13,75.45,75,6,2,12,38,28
2022-06-08,12,93.92,93,6,4,18,20,22
2022-06-07,16,54.56,54,7,4,13,39,20
2022-06-06,17,68.69,68,8,2,11,34,25
2022-06-05,15,90.08,90,4,2,10,24,22
2022-06-04,21,84.74,84,4,1,16,27,26
2022-06-03,11,75.07,75,1,4,15,25,20
2022-06-02,26,77.08,77,4,4,11,26,32
2022-06-01,29,82.83,82,6,3,17,23,26
2022-05-31,15,89.46,89,7,2,19,32,29
2022-05-30,13,76.0,75,5,3,13,27,33
2022-05-29,28,84.13,84,9,2,14,39,28
2022-05-28,15,63.03,63,6,4,14,38,23
2022-05-27,10,95.13,95,6,4,18,33,25
2022-05-26,19,72.28,72,3,4,16,26,22
2022-05-25,28,82.61,82,2,4,14,37,34
2022-05-24,29,97.52,97,2,3,15,29,38
2022-05-23,25,88.28,88,9,2,18,32,27
2022-05-22,17,84.11,84,5,2,11,21,20
2022-05-21,28,90.86,90,3,3,10,23,33
2022-05-20,23,85.91,85,5,4,18,29,20
2022-05-19,29,73.18,73,8,1,16,28,20
2022-05-18,16,62.46,62,9,4,15,26,26
2022-05-17,24,67.49,67,3,2,13,33,31
2022-05-16,11,97.94,97,8,3,14,28,31
2022-05-15,15,59.94,59,9,2,12,31,33
2022-05-14,11,81.38,81,2,4,14,20,23
2022-05-13,23,72.15,72,3,2,11,30,38
2022-05-12,20,58.61,58,9,3,11,39,30
2022-05-11,20,50.38,50,9,3,16,39,27
2022-05-10,28,95.21,95,7,4,14,37,37
2022-05-09,24,55.23,55,9,4,13,26,21
2022-05-08,20,51.97,51,5,3,14,35,32
2022-05-07,26,87.65,87,2,4,12,26,33
2022-05-06,16,56.05,56,3,2,10,22,32
2022-05-05,24,98.52,98,1,4,17,30,24
2022-05-04,16,69.15,69,8,2,17,22,28
2022-05-03,16,90.95,90,8,2,14,29,28
2022-05-02,19,80.16,80,1,3,18,36,23
2022-05-01,14,97.2,97,2,4,15,26,34
2022-04-30,12,99.08,99,5,2,10,23,39
2022-04-29,29,76.54,76,4,3,12,20,30
2022-04-28,15,90.86,90,3,1,10,21,33
2022-04-27,13,96.37,96,6,3,17,30,30
2022-04-26,23,57.48,57,4,1,16,37,39
2022-04-25,13,53.45,53,7,1,12,36,24
2022-04-24,25,67.08,67,6,4,17,28,20
2022-04-23,15,95.1,95,2,1,17,21,23
2022-04-22,15,87.37,87,4,2,10,30,35
2022-04-21,20,59.46,59,4,4,19,21,36
2022-04-20,18,99.57,99,5,1,13,24,21
2022-04-19,29,57.82,57,2,1,15,29,39
2022-04-18,10,94.37,94,8,4,16,39,31
2022-04-17,24,77.95,77,2,2,11,29,33
2022-04-16,29,73.92,73,4,2,11,20,32
2022-04-15,21,86.01,86,4,1,16,38,27
2022-04-14,14,96.59,96,3,3,18,32,38
2022-04-13,27,87.35,87,5,1,17,22,29
2022-04-12,24,61.17,61,8,3,13,39,31
2022-04-11,20,96.59,96,6,2,13,39,22
2022-04-10,29,99.96,99,9,2,11,21,35
2022-04-09,14,62.21,62,4,1,12,22,28
2022-04-08,23,71.64,71,7,4,19,32,35
2022-04-07,29,70.82,70,5,2,17,26,27
2022-04-06,27,82.23,82,4,4,15,32,24
2022-04-05,20,74.87,74,5,1,17,32,36
2022-04-04,15,82.43,82,6,2,16,35,32
2022-04-03,24,88.37,88,8,2,10,34,23
2022-04-02,25,52.27,52,7,2,11,30,25
2022-04-01,17,83.64,83,1,2,19,25,34
2022-03-31,13,52.33,52,7,3,11,28,38
2022-03-30,13,53.13,53,1,3,11,29,33
2022-03-29,16,91.92,91,4,4,17,34,20
2022-03-28,10,98.64,98,7,2,14,21,35
2022-03-27,27,62.13,62,5,4,15,35,30
2022-03-26,23,67.74,67,4,4,18,24,26
2022-03-25,13,94.09,94,5,2,13,27,28
2022-03-24,17,61.68,61,1,4,14,36,31
2022-03-23,28,54.36,54,1,2,12,31,32
2022-03-22,12,99.64,99,5,2,12,22,28
2022-03-21,19,61.67,61,1,1,11,33,24
2022-03-20,13,80.17,80,7,4,14,29,34
2022-03-19,24,74.19,74,6,1,13,27,25
2022-03-18,24,78.29,78,5,3,12,26,37
2022-03-17,19,54.13,54,2,3,14,20,32
2022-03-16,12,71.91,71,9,3,15,24,22
2022-03-15,27,99.15,99,3,2,13,38,20
2022-03-14,23,53.49,53,9,3,12,37,27
2022-03-13,19,71.14,71,8,2,13,24,32
2022-03-12,24,96.54,96,6,4,11,37,29
2022-03-11,28,82.87,82,1,2,15,27,24
2022-03-10,21,88.95,88,5,3,16,25,25
2022-03-09,24,50.94,50,8,3,17,31,20
2022-03-08,16,76.65,76,2,3,15,30,36
2022-03-07,11,50.56,50,5,2,14,29,23
2022-03-06,22,52.1,52,4,3,16,26,29
2022-03-05,11,88.34,88,4,1,16,25,21
2022-03-04,12,56.35,56,8,1,13,21,29
2022-03-03,21,53.91,53,8,1,13,26,21
2022-03-02,18,73.02,73,9,2,13,23,20
2022-03-01,14,97.2,97,8,1,14,24,30
2022-02-28,21,80.12,80,5,2,10,24,24
2022-02-27,18,55.32,55,8,3,12,21,21
2022-02-26,19,89.14,89,5,3,17,24,26
2022-02-25,26,58.52,58,6,1,16,36,21
2022-02-24,21,95.59,95,9,2,14,25,37
2022-02-23,29,50.64,50,2,4,13,36,29
2022-02-22,10,99.4,99,5,4,12,24,21
2022-02-21,17,60.61,60,4,3,17,39,34
2022-02-20,13,84.38,84,5,1,17,25,30
2022-02-19,28,74.13,74,1,3,10,35,22
2022-02-18,23,86.59,86,6,2,13,34,25
2022-02-17,13,91.94,91,5,2,12,24,34
2022-02-16,18,64.5,64,1,2,19,24,33
2022-02-15,18,70.53,70,6,3,18,20,26
2022-02-14,11,88.22,88,9,3,17,34,28
2022-02-13,10,95.95,95,5,4,18,27,25
2022-02-12,25,73.91,73,4,1,18,35,39
2022-02-11,22,56.33,56,5,1,17,35,33
2022-02-10,23,73.44,73,4,2,17,26,25
2022-02-09,13,94.11,94,4,3,15,20,26
2022-02-08,29,98.43,98,1,4,13,31,30
2022-02-07,12,97.85,97,5,1,16,31,25
2022-02-06,14,84.3,84,4,2,11,26,21
2022-02-05,22,95.3,95,4,2,12,20,20
2022-02-04,14,75.28,75,4,1,18,22,29
2022-02-03,24,64.39,64,6,1,17,23,28
2022-02-02,29,87.54,87,4,3,19,38,27
2022-02-01,25,77.41,77,6,4,10,22,31
2022-01-31,17,85.85,85,1,2,19,31,37
2022-01-30,26,84.48,84,5,3,12,29,39
2022-01-29,13,81.71,81,6,3,19,25,37
2022-01-28,22,91.63,91,1,2,12,36,39
2022-01-27,11,75.15,75,3,4,17,22,30
2022-01-26,22,51.04,51,6,2,10,27,28
2022-01-25,15,59.85,59,6,2,18,30,34
2022-01-24,15,55.85,55,8,2,12,35,21
2022-01-23,20,59.94,59,6,2,14,22,33
2022-01-22,21,53.37,53,4,4,18,24,22
2022-01-21,11,95.59,95,4,3,11,28,37
2022-01-20,26,72.17,72,5,3,14,32,35
2022-01-19,17,50.58,50,8,1,13,39,27
2022-01-18,10,92.48,92,9,4,18,21,34
2022-01-17,22,58.08,58,3,1,12,29,24
2022-01-16,14,78.77,78,1,1,14,27,39
2022-01-15,21,75.36,75,6,2,14,36,39
2022-01-14,28,80.93,80,7,2,12,39,25
2022-01-13,28,88.94,88,2,2,12,21,38
2022-01-12,24,60.59,60,5,1,18,35,26
2022-01-11,14,84.24,84,6,2,19,37,23
2022-01-10,18,88.42,88,6,3,16,27,21
2022-01-09,16,79.53,79,2,4,18,22,28
2022-01-08,11,72.48,72,9,3,13,39,24
2022-01-07,20,82.78,82,7,3,19,38,36
2022-01-06,23,95.51,95,3,1,19,29,37
2022-01-05,29,96.78,96,2,2,14,26,31
2022-01-04,11,55.63,55,6,4,19,32,31
2022-01-03,22,98.84,98,3,2,16,32,24
2022-01-02,21,78.53,78,3,2,13,27,31
2022-01-01,29,78.29,78,2,1,18,24,35
